-- Migração v25 — Portal Britto Laticínios
-- Como usar: Supabase → SQL Editor → cole este arquivo inteiro → Run.
-- Pode rodar mais de uma vez sem problema (upserts idempotentes).

-- 1) Colunas novas
alter table industrias add column if not exists pecas_por_caixa integer;
alter table industrias add column if not exists kg_por_peca_aprox numeric;
alter table industrias add column if not exists kg_por_pallet_aprox numeric;
alter table produtos add column if not exists unidade_venda text;

-- 2) Indústrias (13 — atualiza as existentes e cria as novas)
insert into industrias (id, nome, tipo_venda, unidades_por_caixa, caixas_por_pallet, pallets_minimo_pedido, pecas_por_caixa, kg_por_peca_aprox, kg_por_pallet_aprox, peso_minimo_kg_pedido, cor_selo_bg, cor_selo_texto, regra_carga) values ('ind1', 'Santa Clara', 'pallet', 12, 85, 12, null, null, null, null, '#0a3a8c', '#ffd166', 'Carreta: 24 pallets · pode ser tudo Integral na carga')
  on conflict (id) do update set nome = excluded.nome, tipo_venda = excluded.tipo_venda, unidades_por_caixa = excluded.unidades_por_caixa, caixas_por_pallet = excluded.caixas_por_pallet, pallets_minimo_pedido = excluded.pallets_minimo_pedido, pecas_por_caixa = excluded.pecas_por_caixa, kg_por_peca_aprox = excluded.kg_por_peca_aprox, kg_por_pallet_aprox = excluded.kg_por_pallet_aprox, peso_minimo_kg_pedido = excluded.peso_minimo_kg_pedido, cor_selo_bg = excluded.cor_selo_bg, cor_selo_texto = excluded.cor_selo_texto, regra_carga = excluded.regra_carga;
insert into industrias (id, nome, tipo_venda, unidades_por_caixa, caixas_por_pallet, pallets_minimo_pedido, pecas_por_caixa, kg_por_peca_aprox, kg_por_pallet_aprox, peso_minimo_kg_pedido, cor_selo_bg, cor_selo_texto, regra_carga) values ('ind2', 'Amanhecer', 'pallet', 12, 90, 14, null, null, null, null, '#2e7d4f', '#ffe066', 'Carreta: 28 pallets · mínimo 2 pallets de Desnatado ou Semidesnatado na carga')
  on conflict (id) do update set nome = excluded.nome, tipo_venda = excluded.tipo_venda, unidades_por_caixa = excluded.unidades_por_caixa, caixas_por_pallet = excluded.caixas_por_pallet, pallets_minimo_pedido = excluded.pallets_minimo_pedido, pecas_por_caixa = excluded.pecas_por_caixa, kg_por_peca_aprox = excluded.kg_por_peca_aprox, kg_por_pallet_aprox = excluded.kg_por_pallet_aprox, peso_minimo_kg_pedido = excluded.peso_minimo_kg_pedido, cor_selo_bg = excluded.cor_selo_bg, cor_selo_texto = excluded.cor_selo_texto, regra_carga = excluded.regra_carga;
insert into industrias (id, nome, tipo_venda, unidades_por_caixa, caixas_por_pallet, pallets_minimo_pedido, pecas_por_caixa, kg_por_peca_aprox, kg_por_pallet_aprox, peso_minimo_kg_pedido, cor_selo_bg, cor_selo_texto, regra_carga) values ('ind3', 'Terra Viva', 'pallet', 12, 90, 14, null, null, null, null, '#b3201c', '#ffe066', 'Carreta: 28 pallets · mínimo 2 pallets de Desnatado ou Semidesnatado na carga')
  on conflict (id) do update set nome = excluded.nome, tipo_venda = excluded.tipo_venda, unidades_por_caixa = excluded.unidades_por_caixa, caixas_por_pallet = excluded.caixas_por_pallet, pallets_minimo_pedido = excluded.pallets_minimo_pedido, pecas_por_caixa = excluded.pecas_por_caixa, kg_por_peca_aprox = excluded.kg_por_peca_aprox, kg_por_pallet_aprox = excluded.kg_por_pallet_aprox, peso_minimo_kg_pedido = excluded.peso_minimo_kg_pedido, cor_selo_bg = excluded.cor_selo_bg, cor_selo_texto = excluded.cor_selo_texto, regra_carga = excluded.regra_carga;
insert into industrias (id, nome, tipo_venda, unidades_por_caixa, caixas_por_pallet, pallets_minimo_pedido, pecas_por_caixa, kg_por_peca_aprox, kg_por_pallet_aprox, peso_minimo_kg_pedido, cor_selo_bg, cor_selo_texto, regra_carga) values ('ind4', 'Dália Alimentos', 'pallet', 12, 85, 12, null, null, null, null, '#6b4ca8', '#ffe066', 'Carreta: 24 pallets · pode ser tudo Integral na carga')
  on conflict (id) do update set nome = excluded.nome, tipo_venda = excluded.tipo_venda, unidades_por_caixa = excluded.unidades_por_caixa, caixas_por_pallet = excluded.caixas_por_pallet, pallets_minimo_pedido = excluded.pallets_minimo_pedido, pecas_por_caixa = excluded.pecas_por_caixa, kg_por_peca_aprox = excluded.kg_por_peca_aprox, kg_por_pallet_aprox = excluded.kg_por_pallet_aprox, peso_minimo_kg_pedido = excluded.peso_minimo_kg_pedido, cor_selo_bg = excluded.cor_selo_bg, cor_selo_texto = excluded.cor_selo_texto, regra_carga = excluded.regra_carga;
insert into industrias (id, nome, tipo_venda, unidades_por_caixa, caixas_por_pallet, pallets_minimo_pedido, pecas_por_caixa, kg_por_peca_aprox, kg_por_pallet_aprox, peso_minimo_kg_pedido, cor_selo_bg, cor_selo_texto, regra_carga) values ('ind5', 'Lac', 'peso', null, 40, null, 6, 4, 1000, 500, '#1c4f9c', '#ffe066', 'Mínimo de 1.000 kg por CNPJ · Peça: ~4 kg (aprox.) · Caixa: 6 peças')
  on conflict (id) do update set nome = excluded.nome, tipo_venda = excluded.tipo_venda, unidades_por_caixa = excluded.unidades_por_caixa, caixas_por_pallet = excluded.caixas_por_pallet, pallets_minimo_pedido = excluded.pallets_minimo_pedido, pecas_por_caixa = excluded.pecas_por_caixa, kg_por_peca_aprox = excluded.kg_por_peca_aprox, kg_por_pallet_aprox = excluded.kg_por_pallet_aprox, peso_minimo_kg_pedido = excluded.peso_minimo_kg_pedido, cor_selo_bg = excluded.cor_selo_bg, cor_selo_texto = excluded.cor_selo_texto, regra_carga = excluded.regra_carga;
insert into industrias (id, nome, tipo_venda, unidades_por_caixa, caixas_por_pallet, pallets_minimo_pedido, pecas_por_caixa, kg_por_peca_aprox, kg_por_pallet_aprox, peso_minimo_kg_pedido, cor_selo_bg, cor_selo_texto, regra_carga) values ('ind6', 'Las Tres Ninas', 'peso', null, 64, null, 6, 2.6, 1000, 12000, '#a8326b', '#ffe066', 'Mínimo de 12.000 kg por CNPJ · Peça: ~2,6 kg (aprox.) · Caixa: 6 peças')
  on conflict (id) do update set nome = excluded.nome, tipo_venda = excluded.tipo_venda, unidades_por_caixa = excluded.unidades_por_caixa, caixas_por_pallet = excluded.caixas_por_pallet, pallets_minimo_pedido = excluded.pallets_minimo_pedido, pecas_por_caixa = excluded.pecas_por_caixa, kg_por_peca_aprox = excluded.kg_por_peca_aprox, kg_por_pallet_aprox = excluded.kg_por_pallet_aprox, peso_minimo_kg_pedido = excluded.peso_minimo_kg_pedido, cor_selo_bg = excluded.cor_selo_bg, cor_selo_texto = excluded.cor_selo_texto, regra_carga = excluded.regra_carga;
insert into industrias (id, nome, tipo_venda, unidades_por_caixa, caixas_por_pallet, pallets_minimo_pedido, pecas_por_caixa, kg_por_peca_aprox, kg_por_pallet_aprox, peso_minimo_kg_pedido, cor_selo_bg, cor_selo_texto, regra_carga) values ('ind7', 'Gran Filata', 'peso', null, 42, null, 6, 4, 1000, 500, '#0f6e6a', '#ffe066', 'Peça: ~4 kg (aprox.) · Caixa: 6 peças')
  on conflict (id) do update set nome = excluded.nome, tipo_venda = excluded.tipo_venda, unidades_por_caixa = excluded.unidades_por_caixa, caixas_por_pallet = excluded.caixas_por_pallet, pallets_minimo_pedido = excluded.pallets_minimo_pedido, pecas_por_caixa = excluded.pecas_por_caixa, kg_por_peca_aprox = excluded.kg_por_peca_aprox, kg_por_pallet_aprox = excluded.kg_por_pallet_aprox, peso_minimo_kg_pedido = excluded.peso_minimo_kg_pedido, cor_selo_bg = excluded.cor_selo_bg, cor_selo_texto = excluded.cor_selo_texto, regra_carga = excluded.regra_carga;
insert into industrias (id, nome, tipo_venda, unidades_por_caixa, caixas_por_pallet, pallets_minimo_pedido, pecas_por_caixa, kg_por_peca_aprox, kg_por_pallet_aprox, peso_minimo_kg_pedido, cor_selo_bg, cor_selo_texto, regra_carga) values ('ind8', 'Amanhecer - Creme de Leite', 'pallet', 27, 165, 14, null, null, null, null, '#4a9d6b', '#ffe066', 'Venda paletizada · Caixa: 27 unidades · Pallet: 165 caixas')
  on conflict (id) do update set nome = excluded.nome, tipo_venda = excluded.tipo_venda, unidades_por_caixa = excluded.unidades_por_caixa, caixas_por_pallet = excluded.caixas_por_pallet, pallets_minimo_pedido = excluded.pallets_minimo_pedido, pecas_por_caixa = excluded.pecas_por_caixa, kg_por_peca_aprox = excluded.kg_por_peca_aprox, kg_por_pallet_aprox = excluded.kg_por_pallet_aprox, peso_minimo_kg_pedido = excluded.peso_minimo_kg_pedido, cor_selo_bg = excluded.cor_selo_bg, cor_selo_texto = excluded.cor_selo_texto, regra_carga = excluded.regra_carga;
insert into industrias (id, nome, tipo_venda, unidades_por_caixa, caixas_por_pallet, pallets_minimo_pedido, pecas_por_caixa, kg_por_peca_aprox, kg_por_pallet_aprox, peso_minimo_kg_pedido, cor_selo_bg, cor_selo_texto, regra_carga) values ('ind9', 'Natville', 'pallet', 12, 85, 14, null, null, null, null, '#c2410c', '#ffffff', 'Carreta: 28 pallets · venda paletizada')
  on conflict (id) do update set nome = excluded.nome, tipo_venda = excluded.tipo_venda, unidades_por_caixa = excluded.unidades_por_caixa, caixas_por_pallet = excluded.caixas_por_pallet, pallets_minimo_pedido = excluded.pallets_minimo_pedido, pecas_por_caixa = excluded.pecas_por_caixa, kg_por_peca_aprox = excluded.kg_por_peca_aprox, kg_por_pallet_aprox = excluded.kg_por_pallet_aprox, peso_minimo_kg_pedido = excluded.peso_minimo_kg_pedido, cor_selo_bg = excluded.cor_selo_bg, cor_selo_texto = excluded.cor_selo_texto, regra_carga = excluded.regra_carga;
insert into industrias (id, nome, tipo_venda, unidades_por_caixa, caixas_por_pallet, pallets_minimo_pedido, pecas_por_caixa, kg_por_peca_aprox, kg_por_pallet_aprox, peso_minimo_kg_pedido, cor_selo_bg, cor_selo_texto, regra_carga) values ('ind10', 'Natville - Creme de Leite', 'pallet', 27, 165, 14, null, null, null, null, '#d97706', '#ffffff', 'Venda paletizada · Caixa: 27 unidades · Pallet: 165 caixas')
  on conflict (id) do update set nome = excluded.nome, tipo_venda = excluded.tipo_venda, unidades_por_caixa = excluded.unidades_por_caixa, caixas_por_pallet = excluded.caixas_por_pallet, pallets_minimo_pedido = excluded.pallets_minimo_pedido, pecas_por_caixa = excluded.pecas_por_caixa, kg_por_peca_aprox = excluded.kg_por_peca_aprox, kg_por_pallet_aprox = excluded.kg_por_pallet_aprox, peso_minimo_kg_pedido = excluded.peso_minimo_kg_pedido, cor_selo_bg = excluded.cor_selo_bg, cor_selo_texto = excluded.cor_selo_texto, regra_carga = excluded.regra_carga;
insert into industrias (id, nome, tipo_venda, unidades_por_caixa, caixas_por_pallet, pallets_minimo_pedido, pecas_por_caixa, kg_por_peca_aprox, kg_por_pallet_aprox, peso_minimo_kg_pedido, cor_selo_bg, cor_selo_texto, regra_carga) values ('ind11', 'Natville - Leite Condensado', 'pallet', 27, 105, 14, null, null, null, null, '#92400e', '#ffffff', 'Venda paletizada · Caixa: 27 unidades · Pallet: 105 caixas')
  on conflict (id) do update set nome = excluded.nome, tipo_venda = excluded.tipo_venda, unidades_por_caixa = excluded.unidades_por_caixa, caixas_por_pallet = excluded.caixas_por_pallet, pallets_minimo_pedido = excluded.pallets_minimo_pedido, pecas_por_caixa = excluded.pecas_por_caixa, kg_por_peca_aprox = excluded.kg_por_peca_aprox, kg_por_pallet_aprox = excluded.kg_por_pallet_aprox, peso_minimo_kg_pedido = excluded.peso_minimo_kg_pedido, cor_selo_bg = excluded.cor_selo_bg, cor_selo_texto = excluded.cor_selo_texto, regra_carga = excluded.regra_carga;
insert into industrias (id, nome, tipo_venda, unidades_por_caixa, caixas_por_pallet, pallets_minimo_pedido, pecas_por_caixa, kg_por_peca_aprox, kg_por_pallet_aprox, peso_minimo_kg_pedido, cor_selo_bg, cor_selo_texto, regra_carga) values ('ind12', 'Dália Alimentos - Frios', 'peso', null, 50, null, 1, 20, 1000, 1000, '#8a6bc0', '#ffe066', 'Venda paletizada · Caixa: ~20 kg (aprox.) · Pallet: ~1.000 kg')
  on conflict (id) do update set nome = excluded.nome, tipo_venda = excluded.tipo_venda, unidades_por_caixa = excluded.unidades_por_caixa, caixas_por_pallet = excluded.caixas_por_pallet, pallets_minimo_pedido = excluded.pallets_minimo_pedido, pecas_por_caixa = excluded.pecas_por_caixa, kg_por_peca_aprox = excluded.kg_por_peca_aprox, kg_por_pallet_aprox = excluded.kg_por_pallet_aprox, peso_minimo_kg_pedido = excluded.peso_minimo_kg_pedido, cor_selo_bg = excluded.cor_selo_bg, cor_selo_texto = excluded.cor_selo_texto, regra_carga = excluded.regra_carga;
insert into industrias (id, nome, tipo_venda, unidades_por_caixa, caixas_por_pallet, pallets_minimo_pedido, pecas_por_caixa, kg_por_peca_aprox, kg_por_pallet_aprox, peso_minimo_kg_pedido, cor_selo_bg, cor_selo_texto, regra_carga) values ('ind13', 'Parlak', 'peso', null, 42, null, 6, 4, 1000, 500, '#b8860b', '#ffffff', 'Peça: ~4 kg (aprox.) · Caixa: 6 peças')
  on conflict (id) do update set nome = excluded.nome, tipo_venda = excluded.tipo_venda, unidades_por_caixa = excluded.unidades_por_caixa, caixas_por_pallet = excluded.caixas_por_pallet, pallets_minimo_pedido = excluded.pallets_minimo_pedido, pecas_por_caixa = excluded.pecas_por_caixa, kg_por_peca_aprox = excluded.kg_por_peca_aprox, kg_por_pallet_aprox = excluded.kg_por_pallet_aprox, peso_minimo_kg_pedido = excluded.peso_minimo_kg_pedido, cor_selo_bg = excluded.cor_selo_bg, cor_selo_texto = excluded.cor_selo_texto, regra_carga = excluded.regra_carga;

-- 3) Produtos (36 — preços novos e produtos novos)
insert into produtos (id, nome, categoria, validade_dias, validade_obs, foto, industria_id, tampa, unidade_venda, preco_padrao) values ('p1', 'Leite UHT Integral 1L com Tampa', 'Leite UHT', 120, null, null, 'ind1', true, null, 5.35)
  on conflict (id) do update set nome = excluded.nome, categoria = excluded.categoria, validade_dias = excluded.validade_dias, validade_obs = excluded.validade_obs, industria_id = excluded.industria_id, tampa = excluded.tampa, unidade_venda = excluded.unidade_venda, preco_padrao = excluded.preco_padrao;
insert into produtos (id, nome, categoria, validade_dias, validade_obs, foto, industria_id, tampa, unidade_venda, preco_padrao) values ('p2', 'Leite UHT Desnatado 1L com Tampa', 'Leite UHT', 120, null, null, 'ind1', true, null, 5.35)
  on conflict (id) do update set nome = excluded.nome, categoria = excluded.categoria, validade_dias = excluded.validade_dias, validade_obs = excluded.validade_obs, industria_id = excluded.industria_id, tampa = excluded.tampa, unidade_venda = excluded.unidade_venda, preco_padrao = excluded.preco_padrao;
insert into produtos (id, nome, categoria, validade_dias, validade_obs, foto, industria_id, tampa, unidade_venda, preco_padrao) values ('p3', 'Leite UHT Semidesnatado 1L com Tampa', 'Leite UHT', 120, null, null, 'ind1', true, null, 5.35)
  on conflict (id) do update set nome = excluded.nome, categoria = excluded.categoria, validade_dias = excluded.validade_dias, validade_obs = excluded.validade_obs, industria_id = excluded.industria_id, tampa = excluded.tampa, unidade_venda = excluded.unidade_venda, preco_padrao = excluded.preco_padrao;
insert into produtos (id, nome, categoria, validade_dias, validade_obs, foto, industria_id, tampa, unidade_venda, preco_padrao) values ('p8', 'Leite UHT Semidesnatado Zero Lactose 1L com Tampa', 'Leite UHT', 120, null, null, 'ind1', true, null, 5.85)
  on conflict (id) do update set nome = excluded.nome, categoria = excluded.categoria, validade_dias = excluded.validade_dias, validade_obs = excluded.validade_obs, industria_id = excluded.industria_id, tampa = excluded.tampa, unidade_venda = excluded.unidade_venda, preco_padrao = excluded.preco_padrao;
insert into produtos (id, nome, categoria, validade_dias, validade_obs, foto, industria_id, tampa, unidade_venda, preco_padrao) values ('p9', 'Leite UHT Integral 1L sem Tampa', 'Leite UHT', 120, null, null, 'ind2', false, null, 5.09)
  on conflict (id) do update set nome = excluded.nome, categoria = excluded.categoria, validade_dias = excluded.validade_dias, validade_obs = excluded.validade_obs, industria_id = excluded.industria_id, tampa = excluded.tampa, unidade_venda = excluded.unidade_venda, preco_padrao = excluded.preco_padrao;
insert into produtos (id, nome, categoria, validade_dias, validade_obs, foto, industria_id, tampa, unidade_venda, preco_padrao) values ('p10', 'Leite UHT Desnatado 1L com Tampa', 'Leite UHT', 120, null, null, 'ind2', true, null, 5.09)
  on conflict (id) do update set nome = excluded.nome, categoria = excluded.categoria, validade_dias = excluded.validade_dias, validade_obs = excluded.validade_obs, industria_id = excluded.industria_id, tampa = excluded.tampa, unidade_venda = excluded.unidade_venda, preco_padrao = excluded.preco_padrao;
insert into produtos (id, nome, categoria, validade_dias, validade_obs, foto, industria_id, tampa, unidade_venda, preco_padrao) values ('p11', 'Leite UHT Semidesnatado 1L com Tampa', 'Leite UHT', 120, null, null, 'ind2', true, null, 5.09)
  on conflict (id) do update set nome = excluded.nome, categoria = excluded.categoria, validade_dias = excluded.validade_dias, validade_obs = excluded.validade_obs, industria_id = excluded.industria_id, tampa = excluded.tampa, unidade_venda = excluded.unidade_venda, preco_padrao = excluded.preco_padrao;
insert into produtos (id, nome, categoria, validade_dias, validade_obs, foto, industria_id, tampa, unidade_venda, preco_padrao) values ('p12', 'Leite UHT Semidesnatado Zero Lactose 1L com Tampa', 'Leite UHT', 120, null, null, 'ind2', true, null, 5.59)
  on conflict (id) do update set nome = excluded.nome, categoria = excluded.categoria, validade_dias = excluded.validade_dias, validade_obs = excluded.validade_obs, industria_id = excluded.industria_id, tampa = excluded.tampa, unidade_venda = excluded.unidade_venda, preco_padrao = excluded.preco_padrao;
insert into produtos (id, nome, categoria, validade_dias, validade_obs, foto, industria_id, tampa, unidade_venda, preco_padrao) values ('p13', 'Leite UHT Integral 1L sem Tampa', 'Leite UHT', 120, null, null, 'ind3', false, null, 4.99)
  on conflict (id) do update set nome = excluded.nome, categoria = excluded.categoria, validade_dias = excluded.validade_dias, validade_obs = excluded.validade_obs, industria_id = excluded.industria_id, tampa = excluded.tampa, unidade_venda = excluded.unidade_venda, preco_padrao = excluded.preco_padrao;
insert into produtos (id, nome, categoria, validade_dias, validade_obs, foto, industria_id, tampa, unidade_venda, preco_padrao) values ('p14', 'Leite UHT Desnatado 1L sem Tampa', 'Leite UHT', 120, null, null, 'ind3', false, null, 4.99)
  on conflict (id) do update set nome = excluded.nome, categoria = excluded.categoria, validade_dias = excluded.validade_dias, validade_obs = excluded.validade_obs, industria_id = excluded.industria_id, tampa = excluded.tampa, unidade_venda = excluded.unidade_venda, preco_padrao = excluded.preco_padrao;
insert into produtos (id, nome, categoria, validade_dias, validade_obs, foto, industria_id, tampa, unidade_venda, preco_padrao) values ('p15', 'Leite UHT Semidesnatado 1L sem Tampa', 'Leite UHT', 120, null, null, 'ind3', false, null, 4.99)
  on conflict (id) do update set nome = excluded.nome, categoria = excluded.categoria, validade_dias = excluded.validade_dias, validade_obs = excluded.validade_obs, industria_id = excluded.industria_id, tampa = excluded.tampa, unidade_venda = excluded.unidade_venda, preco_padrao = excluded.preco_padrao;
insert into produtos (id, nome, categoria, validade_dias, validade_obs, foto, industria_id, tampa, unidade_venda, preco_padrao) values ('p16', 'Leite UHT Semidesnatado Zero Lactose 1L com Tampa', 'Leite UHT', 120, null, null, 'ind3', true, null, 5.49)
  on conflict (id) do update set nome = excluded.nome, categoria = excluded.categoria, validade_dias = excluded.validade_dias, validade_obs = excluded.validade_obs, industria_id = excluded.industria_id, tampa = excluded.tampa, unidade_venda = excluded.unidade_venda, preco_padrao = excluded.preco_padrao;
insert into produtos (id, nome, categoria, validade_dias, validade_obs, foto, industria_id, tampa, unidade_venda, preco_padrao) values ('p17', 'Leite UHT Integral 1L com Tampa', 'Leite UHT', 120, null, null, 'ind4', true, null, 5.45)
  on conflict (id) do update set nome = excluded.nome, categoria = excluded.categoria, validade_dias = excluded.validade_dias, validade_obs = excluded.validade_obs, industria_id = excluded.industria_id, tampa = excluded.tampa, unidade_venda = excluded.unidade_venda, preco_padrao = excluded.preco_padrao;
insert into produtos (id, nome, categoria, validade_dias, validade_obs, foto, industria_id, tampa, unidade_venda, preco_padrao) values ('p18', 'Leite UHT Desnatado 1L com Tampa', 'Leite UHT', 120, null, null, 'ind4', true, null, 5.45)
  on conflict (id) do update set nome = excluded.nome, categoria = excluded.categoria, validade_dias = excluded.validade_dias, validade_obs = excluded.validade_obs, industria_id = excluded.industria_id, tampa = excluded.tampa, unidade_venda = excluded.unidade_venda, preco_padrao = excluded.preco_padrao;
insert into produtos (id, nome, categoria, validade_dias, validade_obs, foto, industria_id, tampa, unidade_venda, preco_padrao) values ('p19', 'Leite UHT Semidesnatado 1L com Tampa', 'Leite UHT', 120, null, null, 'ind4', true, null, 5.45)
  on conflict (id) do update set nome = excluded.nome, categoria = excluded.categoria, validade_dias = excluded.validade_dias, validade_obs = excluded.validade_obs, industria_id = excluded.industria_id, tampa = excluded.tampa, unidade_venda = excluded.unidade_venda, preco_padrao = excluded.preco_padrao;
insert into produtos (id, nome, categoria, validade_dias, validade_obs, foto, industria_id, tampa, unidade_venda, preco_padrao) values ('p20', 'Leite UHT Semidesnatado Zero Lactose 1L com Tampa', 'Leite UHT', 120, null, null, 'ind4', true, null, 5.95)
  on conflict (id) do update set nome = excluded.nome, categoria = excluded.categoria, validade_dias = excluded.validade_dias, validade_obs = excluded.validade_obs, industria_id = excluded.industria_id, tampa = excluded.tampa, unidade_venda = excluded.unidade_venda, preco_padrao = excluded.preco_padrao;
insert into produtos (id, nome, categoria, validade_dias, validade_obs, foto, industria_id, tampa, unidade_venda, preco_padrao) values ('p21', 'Queijo Mussarela LAC (peso variável)', 'Queijo Mussarela', 90, 'a partir da data de fabricação', null, 'ind5', null, null, 34.99)
  on conflict (id) do update set nome = excluded.nome, categoria = excluded.categoria, validade_dias = excluded.validade_dias, validade_obs = excluded.validade_obs, industria_id = excluded.industria_id, tampa = excluded.tampa, unidade_venda = excluded.unidade_venda, preco_padrao = excluded.preco_padrao;
insert into produtos (id, nome, categoria, validade_dias, validade_obs, foto, industria_id, tampa, unidade_venda, preco_padrao) values ('p22', 'Queijo Prato Las Tres Ninas (peso variável)', 'Queijo Prato', 180, null, null, 'ind6', null, null, 31.99)
  on conflict (id) do update set nome = excluded.nome, categoria = excluded.categoria, validade_dias = excluded.validade_dias, validade_obs = excluded.validade_obs, industria_id = excluded.industria_id, tampa = excluded.tampa, unidade_venda = excluded.unidade_venda, preco_padrao = excluded.preco_padrao;
insert into produtos (id, nome, categoria, validade_dias, validade_obs, foto, industria_id, tampa, unidade_venda, preco_padrao) values ('p23', 'Mussarela Gran Filata (peso variável)', 'Queijo Mussarela', null, null, null, 'ind7', null, 'kg', 34.99)
  on conflict (id) do update set nome = excluded.nome, categoria = excluded.categoria, validade_dias = excluded.validade_dias, validade_obs = excluded.validade_obs, industria_id = excluded.industria_id, tampa = excluded.tampa, unidade_venda = excluded.unidade_venda, preco_padrao = excluded.preco_padrao;
insert into produtos (id, nome, categoria, validade_dias, validade_obs, foto, industria_id, tampa, unidade_venda, preco_padrao) values ('p24', 'Creme de Leite 10% Gordura', 'Creme de Leite', null, null, null, 'ind8', null, null, 2.09)
  on conflict (id) do update set nome = excluded.nome, categoria = excluded.categoria, validade_dias = excluded.validade_dias, validade_obs = excluded.validade_obs, industria_id = excluded.industria_id, tampa = excluded.tampa, unidade_venda = excluded.unidade_venda, preco_padrao = excluded.preco_padrao;
insert into produtos (id, nome, categoria, validade_dias, validade_obs, foto, industria_id, tampa, unidade_venda, preco_padrao) values ('p25', 'Creme de Leite 17% Gordura', 'Creme de Leite', null, null, null, 'ind8', null, null, 2.39)
  on conflict (id) do update set nome = excluded.nome, categoria = excluded.categoria, validade_dias = excluded.validade_dias, validade_obs = excluded.validade_obs, industria_id = excluded.industria_id, tampa = excluded.tampa, unidade_venda = excluded.unidade_venda, preco_padrao = excluded.preco_padrao;
insert into produtos (id, nome, categoria, validade_dias, validade_obs, foto, industria_id, tampa, unidade_venda, preco_padrao) values ('p26', 'Leite UHT Integral 1L', 'Leite UHT', null, null, null, 'ind9', null, null, 5.79)
  on conflict (id) do update set nome = excluded.nome, categoria = excluded.categoria, validade_dias = excluded.validade_dias, validade_obs = excluded.validade_obs, industria_id = excluded.industria_id, tampa = excluded.tampa, unidade_venda = excluded.unidade_venda, preco_padrao = excluded.preco_padrao;
insert into produtos (id, nome, categoria, validade_dias, validade_obs, foto, industria_id, tampa, unidade_venda, preco_padrao) values ('p27', 'Leite UHT Desnatado 1L', 'Leite UHT', null, null, null, 'ind9', null, null, 5.79)
  on conflict (id) do update set nome = excluded.nome, categoria = excluded.categoria, validade_dias = excluded.validade_dias, validade_obs = excluded.validade_obs, industria_id = excluded.industria_id, tampa = excluded.tampa, unidade_venda = excluded.unidade_venda, preco_padrao = excluded.preco_padrao;
insert into produtos (id, nome, categoria, validade_dias, validade_obs, foto, industria_id, tampa, unidade_venda, preco_padrao) values ('p28', 'Leite UHT Semidesnatado 1L', 'Leite UHT', null, null, null, 'ind9', null, null, 5.79)
  on conflict (id) do update set nome = excluded.nome, categoria = excluded.categoria, validade_dias = excluded.validade_dias, validade_obs = excluded.validade_obs, industria_id = excluded.industria_id, tampa = excluded.tampa, unidade_venda = excluded.unidade_venda, preco_padrao = excluded.preco_padrao;
insert into produtos (id, nome, categoria, validade_dias, validade_obs, foto, industria_id, tampa, unidade_venda, preco_padrao) values ('p29', 'Leite UHT Semidesnatado Zero Lactose 1L', 'Leite UHT', null, null, null, 'ind9', null, null, 6.29)
  on conflict (id) do update set nome = excluded.nome, categoria = excluded.categoria, validade_dias = excluded.validade_dias, validade_obs = excluded.validade_obs, industria_id = excluded.industria_id, tampa = excluded.tampa, unidade_venda = excluded.unidade_venda, preco_padrao = excluded.preco_padrao;
insert into produtos (id, nome, categoria, validade_dias, validade_obs, foto, industria_id, tampa, unidade_venda, preco_padrao) values ('p30', 'Creme de Leite 15% Gordura', 'Creme de Leite', null, null, null, 'ind10', null, null, 2.49)
  on conflict (id) do update set nome = excluded.nome, categoria = excluded.categoria, validade_dias = excluded.validade_dias, validade_obs = excluded.validade_obs, industria_id = excluded.industria_id, tampa = excluded.tampa, unidade_venda = excluded.unidade_venda, preco_padrao = excluded.preco_padrao;
insert into produtos (id, nome, categoria, validade_dias, validade_obs, foto, industria_id, tampa, unidade_venda, preco_padrao) values ('p31', 'Leite Condensado Semidesnatado', 'Leite Condensado', null, null, null, 'ind11', null, null, 5.09)
  on conflict (id) do update set nome = excluded.nome, categoria = excluded.categoria, validade_dias = excluded.validade_dias, validade_obs = excluded.validade_obs, industria_id = excluded.industria_id, tampa = excluded.tampa, unidade_venda = excluded.unidade_venda, preco_padrao = excluded.preco_padrao;
insert into produtos (id, nome, categoria, validade_dias, validade_obs, foto, industria_id, tampa, unidade_venda, preco_padrao) values ('p32', 'Calabresa Reta', 'Embutidos', null, null, null, 'ind12', null, null, 18.9)
  on conflict (id) do update set nome = excluded.nome, categoria = excluded.categoria, validade_dias = excluded.validade_dias, validade_obs = excluded.validade_obs, industria_id = excluded.industria_id, tampa = excluded.tampa, unidade_venda = excluded.unidade_venda, preco_padrao = excluded.preco_padrao;
insert into produtos (id, nome, categoria, validade_dias, validade_obs, foto, industria_id, tampa, unidade_venda, preco_padrao) values ('p33', 'Bacon Manta Especial', 'Embutidos', null, null, null, 'ind12', null, null, 21.9)
  on conflict (id) do update set nome = excluded.nome, categoria = excluded.categoria, validade_dias = excluded.validade_dias, validade_obs = excluded.validade_obs, industria_id = excluded.industria_id, tampa = excluded.tampa, unidade_venda = excluded.unidade_venda, preco_padrao = excluded.preco_padrao;
insert into produtos (id, nome, categoria, validade_dias, validade_obs, foto, industria_id, tampa, unidade_venda, preco_padrao) values ('p34', 'Bacon Paleta Extra', 'Embutidos', null, null, null, 'ind12', null, null, 18.9)
  on conflict (id) do update set nome = excluded.nome, categoria = excluded.categoria, validade_dias = excluded.validade_dias, validade_obs = excluded.validade_obs, industria_id = excluded.industria_id, tampa = excluded.tampa, unidade_venda = excluded.unidade_venda, preco_padrao = excluded.preco_padrao;
insert into produtos (id, nome, categoria, validade_dias, validade_obs, foto, industria_id, tampa, unidade_venda, preco_padrao) values ('p35', 'Mussarela Parlak (peso variável)', 'Queijo Mussarela', null, null, null, 'ind13', null, null, 36.99)
  on conflict (id) do update set nome = excluded.nome, categoria = excluded.categoria, validade_dias = excluded.validade_dias, validade_obs = excluded.validade_obs, industria_id = excluded.industria_id, tampa = excluded.tampa, unidade_venda = excluded.unidade_venda, preco_padrao = excluded.preco_padrao;
insert into produtos (id, nome, categoria, validade_dias, validade_obs, foto, industria_id, tampa, unidade_venda, preco_padrao) values ('p36', 'Queijo Prato Parlak (peso variável)', 'Queijo Prato', null, null, null, 'ind13', null, null, 38.99)
  on conflict (id) do update set nome = excluded.nome, categoria = excluded.categoria, validade_dias = excluded.validade_dias, validade_obs = excluded.validade_obs, industria_id = excluded.industria_id, tampa = excluded.tampa, unidade_venda = excluded.unidade_venda, preco_padrao = excluded.preco_padrao;

-- 4) Remove os produtos descontinuados na v25 (queijos fatiados/minas/requeijão).
-- Se der erro de chave estrangeira (algum pedido antigo usa esses produtos), apague
-- apenas as linhas de precos_cliente e deixe os produtos com preço zero em vez de removê-los.
delete from precos_cliente where produto_id in ('p4', 'p5', 'p6', 'p7');
delete from produtos where id in ('p4', 'p5', 'p6', 'p7');

-- 5) Clientes novos (c48 e c49)
insert into clientes (id, usuario, senha, nome_fantasia, cnpj, prazo_pagamento, vendedor_id) values ('c48', 'reluzjockey', '1234', 'Supermercado Reluz Jockey Ltda', '50.790.829/0001-03', '14/21/28 dias', 'v5')
  on conflict (id) do update set usuario = excluded.usuario, nome_fantasia = excluded.nome_fantasia, cnpj = excluded.cnpj, prazo_pagamento = excluded.prazo_pagamento, vendedor_id = excluded.vendedor_id;
insert into precos_cliente (cliente_id, produto_id, preco) values ('c48', 'p1', 4.2) on conflict (cliente_id, produto_id) do update set preco = excluded.preco;
insert into precos_cliente (cliente_id, produto_id, preco) values ('c48', 'p2', 4.2) on conflict (cliente_id, produto_id) do update set preco = excluded.preco;
insert into precos_cliente (cliente_id, produto_id, preco) values ('c48', 'p3', 4.2) on conflict (cliente_id, produto_id) do update set preco = excluded.preco;
insert into precos_cliente (cliente_id, produto_id, preco) values ('c48', 'p8', 4.7) on conflict (cliente_id, produto_id) do update set preco = excluded.preco;
insert into precos_cliente (cliente_id, produto_id, preco) values ('c48', 'p9', 4.1) on conflict (cliente_id, produto_id) do update set preco = excluded.preco;
insert into precos_cliente (cliente_id, produto_id, preco) values ('c48', 'p10', 4.1) on conflict (cliente_id, produto_id) do update set preco = excluded.preco;
insert into precos_cliente (cliente_id, produto_id, preco) values ('c48', 'p11', 4.1) on conflict (cliente_id, produto_id) do update set preco = excluded.preco;
insert into precos_cliente (cliente_id, produto_id, preco) values ('c48', 'p12', 4.6) on conflict (cliente_id, produto_id) do update set preco = excluded.preco;
insert into precos_cliente (cliente_id, produto_id, preco) values ('c48', 'p13', 4.15) on conflict (cliente_id, produto_id) do update set preco = excluded.preco;
insert into precos_cliente (cliente_id, produto_id, preco) values ('c48', 'p14', 4.15) on conflict (cliente_id, produto_id) do update set preco = excluded.preco;
insert into precos_cliente (cliente_id, produto_id, preco) values ('c48', 'p15', 4.15) on conflict (cliente_id, produto_id) do update set preco = excluded.preco;
insert into precos_cliente (cliente_id, produto_id, preco) values ('c48', 'p16', 4.65) on conflict (cliente_id, produto_id) do update set preco = excluded.preco;
insert into precos_cliente (cliente_id, produto_id, preco) values ('c48', 'p17', 4.25) on conflict (cliente_id, produto_id) do update set preco = excluded.preco;
insert into precos_cliente (cliente_id, produto_id, preco) values ('c48', 'p18', 4.25) on conflict (cliente_id, produto_id) do update set preco = excluded.preco;
insert into precos_cliente (cliente_id, produto_id, preco) values ('c48', 'p19', 4.25) on conflict (cliente_id, produto_id) do update set preco = excluded.preco;
insert into precos_cliente (cliente_id, produto_id, preco) values ('c48', 'p20', 4.75) on conflict (cliente_id, produto_id) do update set preco = excluded.preco;
insert into precos_cliente (cliente_id, produto_id, preco) values ('c48', 'p21', 26.5) on conflict (cliente_id, produto_id) do update set preco = excluded.preco;
insert into clientes (id, usuario, senha, nome_fantasia, cnpj, prazo_pagamento, vendedor_id) values ('c49', 'pavaniajuda', '1234', 'Pavani do bairro Ajuda', '08.472.686/0002-06', '28 dias', 'v5')
  on conflict (id) do update set usuario = excluded.usuario, nome_fantasia = excluded.nome_fantasia, cnpj = excluded.cnpj, prazo_pagamento = excluded.prazo_pagamento, vendedor_id = excluded.vendedor_id;
insert into precos_cliente (cliente_id, produto_id, preco) values ('c49', 'p1', 4.2) on conflict (cliente_id, produto_id) do update set preco = excluded.preco;
insert into precos_cliente (cliente_id, produto_id, preco) values ('c49', 'p2', 4.2) on conflict (cliente_id, produto_id) do update set preco = excluded.preco;
insert into precos_cliente (cliente_id, produto_id, preco) values ('c49', 'p3', 4.2) on conflict (cliente_id, produto_id) do update set preco = excluded.preco;
insert into precos_cliente (cliente_id, produto_id, preco) values ('c49', 'p8', 4.7) on conflict (cliente_id, produto_id) do update set preco = excluded.preco;
insert into precos_cliente (cliente_id, produto_id, preco) values ('c49', 'p9', 4.1) on conflict (cliente_id, produto_id) do update set preco = excluded.preco;
insert into precos_cliente (cliente_id, produto_id, preco) values ('c49', 'p10', 4.1) on conflict (cliente_id, produto_id) do update set preco = excluded.preco;
insert into precos_cliente (cliente_id, produto_id, preco) values ('c49', 'p11', 4.1) on conflict (cliente_id, produto_id) do update set preco = excluded.preco;
insert into precos_cliente (cliente_id, produto_id, preco) values ('c49', 'p12', 4.6) on conflict (cliente_id, produto_id) do update set preco = excluded.preco;
insert into precos_cliente (cliente_id, produto_id, preco) values ('c49', 'p13', 4.15) on conflict (cliente_id, produto_id) do update set preco = excluded.preco;
insert into precos_cliente (cliente_id, produto_id, preco) values ('c49', 'p14', 4.15) on conflict (cliente_id, produto_id) do update set preco = excluded.preco;
insert into precos_cliente (cliente_id, produto_id, preco) values ('c49', 'p15', 4.15) on conflict (cliente_id, produto_id) do update set preco = excluded.preco;
insert into precos_cliente (cliente_id, produto_id, preco) values ('c49', 'p16', 4.65) on conflict (cliente_id, produto_id) do update set preco = excluded.preco;
insert into precos_cliente (cliente_id, produto_id, preco) values ('c49', 'p17', 4.25) on conflict (cliente_id, produto_id) do update set preco = excluded.preco;
insert into precos_cliente (cliente_id, produto_id, preco) values ('c49', 'p18', 4.25) on conflict (cliente_id, produto_id) do update set preco = excluded.preco;
insert into precos_cliente (cliente_id, produto_id, preco) values ('c49', 'p19', 4.25) on conflict (cliente_id, produto_id) do update set preco = excluded.preco;
insert into precos_cliente (cliente_id, produto_id, preco) values ('c49', 'p20', 4.75) on conflict (cliente_id, produto_id) do update set preco = excluded.preco;
insert into precos_cliente (cliente_id, produto_id, preco) values ('c49', 'p21', 26.5) on conflict (cliente_id, produto_id) do update set preco = excluded.preco;
